{
    "loss": [
        2.925757884979248,
        0.6304177641868591,
        0.5490831732749939,
        0.4941811263561249,
        0.43837592005729675,
        0.3905070424079895,
        0.33795684576034546,
        0.2786900997161865,
        0.2723565101623535,
        0.21846404671669006,
        0.22906285524368286,
        0.2334778904914856
    ],
    "accuracy": [
        0.5599276423454285,
        0.6372681856155396,
        0.7195838689804077,
        0.7563696503639221,
        0.7952660918235779,
        0.8180310726165771,
        0.8478817939758301,
        0.8772802948951721,
        0.8843660354614258,
        0.9093924164772034,
        0.9003467559814453,
        0.9004974961280823
    ],
    "val_loss": [
        0.6339200139045715,
        0.5503365397453308,
        0.44655194878578186,
        0.41255539655685425,
        0.3937579393386841,
        0.29769575595855713,
        0.263981431722641,
        0.2104528695344925,
        0.23858290910720825,
        0.14205768704414368,
        0.20259958505630493,
        0.14516101777553558
    ],
    "val_accuracy": [
        0.6531468629837036,
        0.7118881344795227,
        0.7720279693603516,
        0.8181818127632141,
        0.800000011920929,
        0.881118893623352,
        0.8839160799980164,
        0.9090909361839294,
        0.903496503829956,
        0.9398601651191711,
        0.9174824953079224,
        0.9454545378684998
    ]
}